Name,PSMILES,Bandgap (eV),CO2 Permeability (Barrer),Compressive Strength (MPa),Crystallization Temperature (K),Elongation at Break (%),Flexural Strength (MPa),Tg (K),H2 Permeability (Barrer),Hardness (MPa),Impact Strength (kJ/m2),Ion Exchange Capacity (meq/g),Limiting Oxygen Index (%),Lower Critical Solution Temperature (K),Tm (K),Methanol Permeability (cm2/s),O2 Permeability (Barrer),Refractive Index,Swelling Degree (%),Thermal Conductivity (W/m K),Tensile Strength (MPa),Td (K),Upper Critical Solution Temperature (K),Water Contact Angle (deg),Water Uptake (%),Young's Modulus (MPa),Dielectric Constant Electronic,Dielectric Constant Ionic,Dielectric Constant Total,PSMILES_2,PSMILES_4,predicted_safety,predicted_proba_safe
polyimides,O=C1N([*])C(C2=C1C=C(C3=O)C(C(N3C4=CC=C(OC5=CC=C([*])C=C5)C=C4)=O)=C2)=O,2.392777778,62.375,,,11.12540984,151.85,545.1615994,336.25,,,1.508222222,,,603.15,,62.375,1.676965909,,0.188,96.5813253,735.5878099,523.15,72.91244444,0.997,2506.923077,,,,*c1ccc(Oc2ccc(-n3c(=O)c4cc5c(=O)n(-c6ccc(Oc7ccc(-n8c(=O)c9cc%10c(=O)n(*)c(=O)c%10cc9c8=O)cc7)cc6)c(=O)c5cc4c3=O)cc2)cc1,*c1ccc(Oc2ccc(-n3c(=O)c4cc5c(=O)n(-c6ccc(Oc7ccc(-n8c(=O)c9cc%10c(=O)n(-c%11ccc(Oc%12ccc(-n%13c(=O)c%14cc%15c(=O)n(-c%16ccc(Oc%17ccc(-n%18c(=O)c%19cc%20c(=O)n(*)c(=O)c%20cc%19c%18=O)cc%17)cc%16)c(=O)c%15cc%14c%13=O)cc%12)cc%11)c(=O)c%10cc9c8=O)cc7)cc6)c(=O)c5cc4c3=O)cc2)cc1,safe,1.0
PA 6,[*]NCCCCCC([*])=O,2.963333333,,,455.2136364,79.2,44.725,321.0029412,,,24.725,,22.53333333,,496.1663636,,,,2.0,2.428333333,65.24444444,733.65,,39.5,3.7275,2379.714286,,,,*NCCCCCC(=O)NCCCCCC(*)=O,*NCCCCCC(=O)NCCCCCC(=O)NCCCCCC(=O)NCCCCCC(*)=O,safe,1.0
PEKK,[*]OC1=CC=C(C(C2=CC=C(C(C3=CC=C([*])C=C3)=O)C=C2)=O)C=C1,,,246.0,533.15,11.5,118.9566667,432.8166667,,412.3333333,,2.013333333,,,607.7227273,,,,,,101.7,718.15,,45.16666667,3.0,3016.25,,,,*Oc1ccc(C(=O)c2ccc(C(=O)c3ccc(Oc4ccc(C(=O)c5ccc(C(=O)c6ccc(*)cc6)cc5)cc4)cc3)cc2)cc1,*Oc1ccc(C(=O)c2ccc(C(=O)c3ccc(Oc4ccc(C(=O)c5ccc(C(=O)c6ccc(Oc7ccc(C(=O)c8ccc(C(=O)c9ccc(Oc%10ccc(C(=O)c%11ccc(C(=O)c%12ccc(*)cc%12)cc%11)cc%10)cc9)cc8)cc7)cc6)cc5)cc4)cc3)cc2)cc1,safe,1.0
PGA,[*]C(CO[*])=O,,,15.42375,456.4730769,37.25,186.3333333,310.8292453,,588.2,22.17333333,,,322.65,494.0678082,5.8e-07,,1.49,52.0,,156.4657143,534.8833333,,76.14,,5655.465217,,,,*OCC(=O)OCC(*)=O,*OCC(=O)OCC(=O)OCC(=O)OCC(*)=O,safe,1.0
PEN,O=C(O[*])C1=CC(C=CC(C(OCC[*])=O)=C2)=C2C=C1,3.33,0.12,,491.7911765,8.665384615,154.1666667,398.0491935,,523.3333333,127.3333333,,,,541.7983871,,0.12,1.8285,,0.531,91.35830189,757.3852941,,54.92,,4417.921429,,,,*CCOC(=O)c1ccc2cc(C(=O)OCCOC(=O)c3ccc4cc(C(=O)O*)ccc4c3)ccc2c1,*CCOC(=O)c1ccc2cc(C(=O)OCCOC(=O)c3ccc4cc(C(=O)OCCOC(=O)c5ccc6cc(C(=O)OCCOC(=O)c7ccc8cc(C(=O)O*)ccc8c7)ccc6c5)ccc4c3)ccc2c1,safe,1.0
PLLA,CC(C([*])=O)O[*],,,13.71604167,397.494055,31.68030488,109.0714286,332.3065643,0.385,171.6666667,12.79176471,,22.16666667,305.9,442.4739919,,,1.466666667,48.2,0.294153846,44.46366337,559.4827586,513.15,77.93368687,18.84666667,1667.104159,,,,*OC(C)C(=O)OC(C)C(*)=O,*OC(C)C(=O)OC(C)C(=O)OC(C)C(=O)OC(C)C(*)=O,safe,0.8571428571428571
PA-6,[*]N([H])CCCCCC([*])=O,,,,463.15,27.775,,325.2880952,18.43333333,80.0,11.2,,24.0,,492.7897674,,,1.511666667,10.0,0.22,27.54222222,790.15,,84.03666667,5.433333333,37840.88,,,,*NCCCCCC(=O)NCCCCCC(*)=O,*NCCCCCC(=O)NCCCCCC(=O)NCCCCCC(=O)NCCCCCC(*)=O,safe,0.8571428571428571
PCN,C[Si]([*])(CCCC#N)O[*],2.686597222,,0.00113,617.15,7.215,,527.35,,168.0,,,,,598.15,,,1.83,,0.2525,35.458,602.15,,65.95555556,,9427.5,,,,*O[Si](C)(CCCC#N)O[Si](*)(C)CCCC#N,*O[Si](C)(CCCC#N)O[Si](C)(CCCC#N)O[Si](C)(CCCC#N)O[Si](*)(C)CCCC#N,safe,0.8571428571428571
Poly(lactic acid),[*]C(C)C(O[*])=O,,,2.75,391.9,34.2625,112.0,331.8939394,,,3.914615385,,28.7,,436.4793103,,,,,1.49,58.69304348,556.8961538,,101.3333333,0.8,2720.130476,,,,*OC(=O)C(C)OC(=O)C(*)C,*OC(=O)C(C)OC(=O)C(C)OC(=O)C(C)OC(=O)C(*)C,safe,0.8571428571428571
PBO,[*]C2=NC1=CC(N=C(C4=CC=C([*])C=C4)O3)=C3C=C1O2,2.484,261.7666667,313.75,375.35,4.09,247.0,410.1075,,,54.99333333,,68.0,,388.15,,261.7666667,2.387075,,0.260583333,1008.481818,901.6465517,,59.47722222,0.78,114482.931,,,,*c1ccc(-c2nc3cc4nc(-c5ccc(-c6nc7cc8nc(*)oc8cc7o6)cc5)oc4cc3o2)cc1,*c1ccc(-c2nc3cc4nc(-c5ccc(-c6nc7cc8nc(-c9ccc(-c%10nc%11cc%12nc(-c%13ccc(-c%14nc%15cc%16nc(*)oc%16cc%15o%14)cc%13)oc%12cc%11o%10)cc9)oc8cc7o6)cc5)oc4cc3o2)cc1,safe,0.8571428571428571
P(3HB),[*]OC(CC([*])=O)C,,,0.285,390.8166667,14.33333333,,277.178,,,,,,,441.0189655,,,,,,237.265625,578.25,,75.04888889,,2062.2,,,,*OC(C)CC(=O)OC(C)CC(*)=O,*OC(C)CC(=O)OC(C)CC(=O)OC(C)CC(=O)OC(C)CC(*)=O,safe,0.8571428571428571
polyamides,[*]NCCCCCC([*])=O,2.97,,,404.15,11.244,1952.0,505.318038,,,10.465,,26.5,309.15,490.694,,,1.74199,,,87.57755102,683.8076271,,83.33333333,5.224375,2436.48,,,,*NCCCCCC(=O)NCCCCCC(*)=O,*NCCCCCC(=O)NCCCCCC(=O)NCCCCCC(=O)NCCCCCC(*)=O,safe,0.8571428571428571
sPS,[*]C(C[*])C1=CC=CC=C1,2.355,,,513.67,16.88666667,27.83333333,372.2173333,,,5.55,1.715272727,18.25,,542.6674615,,,1.4954,19.7,0.21475,35.78333333,599.35,508.15,105.1071429,4.7,1719.222222,,,,*CC(CC(*)c1ccccc1)c1ccccc1,*CC(CC(CC(CC(*)c1ccccc1)c1ccccc1)c1ccccc1)c1ccccc1,safe,0.8571428571428571
poly(ethylene terephthalate),[*]C1=CC=C(C(OCCOC([*])=O)=O)C=C1,3.725,,1876.14,456.4833333,33.21666667,54.0,351.6166667,,1000.0,9.525,2.53,25.93,305.15,522.2804,,,1.52,,,127.4767857,587.8166667,,73.12428571,31.0,6524.1,,,,*C(=O)OCCOC(=O)c1ccc(C(=O)OCCOC(=O)c2ccc(*)cc2)cc1,*C(=O)OCCOC(=O)c1ccc(C(=O)OCCOC(=O)c2ccc(C(=O)OCCOC(=O)c3ccc(C(=O)OCCOC(=O)c4ccc(*)cc4)cc3)cc2)cc1,safe,0.8571428571428571
poly(lactic acid),CC(C([*])=O)O[*],,,2.75,391.9,34.2625,112.0,331.8939394,,,3.914615385,,28.7,,436.4793103,,,,,1.49,58.69304348,556.8961538,,101.3333333,0.8,2720.130476,,,,*OC(C)C(=O)OC(C)C(*)=O,*OC(C)C(=O)OC(C)C(=O)OC(C)C(=O)OC(C)C(*)=O,safe,0.8571428571428571
nylon 6,[*]NCCCCCC([*])=O,,33.105,,452.7264706,33.98333333,74.275,323.4710526,,90.0,5.078,,,,492.5595238,,33.105,1.48,,1.45946,69.33,682.65,,47.59777778,49.25,7265.084483,,,,*NCCCCCC(=O)NCCCCCC(*)=O,*NCCCCCC(=O)NCCCCCC(=O)NCCCCCC(=O)NCCCCCC(*)=O,safe,0.8571428571428571
P3HT,[*]C1=C(CCCCCC)C=C([*])S1,1.921376335,113.5,,456.2038462,175.0,,316.5614894,,364.5,,,,322.15,494.7450673,,113.5,1.5895,,0.705714286,54.925,638.8882353,305.65,92.35047619,,393.5204082,,,,*c1cc(CCCCCC)c(-c2cc(CCCCCC)c(*)s2)s1,*c1cc(CCCCCC)c(-c2cc(CCCCCC)c(-c3cc(CCCCCC)c(-c4cc(CCCCCC)c(*)s4)s3)s2)s1,safe,0.8571428571428571
PSS,[*]CC(C1=CC=C(S(O)(=O)=O)C=C1)[*],2.014736842,1109.0,0.32,391.15,44.48,,373.4585106,80.0,293.3333333,,2.56,,328.15,514.4277778,,1109.0,1.487329412,166.75,0.366305556,25.51238095,607.275,308.15,47.61257353,80.0,614.1428846,,,,*CC(CC(*)c1ccc(S(=O)(=O)O)cc1)c1ccc(S(=O)(=O)O)cc1,*CC(CC(CC(CC(*)c1ccc(S(=O)(=O)O)cc1)c1ccc(S(=O)(=O)O)cc1)c1ccc(S(=O)(=O)O)cc1)c1ccc(S(=O)(=O)O)cc1,safe,0.8571428571428571
PHB,CC(CC([*])=O)O[*],,,1.1175,393.4936364,7.871818182,28.54666667,276.005106,1850.0,,35.66666667,,23.9,,446.7003235,,,,,0.827,29.19402439,534.539011,,78.26594595,2.66,2066.488732,,,,*OC(C)CC(=O)OC(C)CC(*)=O,*OC(C)CC(=O)OC(C)CC(=O)OC(C)CC(=O)OC(C)CC(*)=O,safe,0.8571428571428571
PTT,[*]C(C1=CC=C(C(OCCCO[*])=O)C=C1)=O,1.424166667,,,462.42125,35.87272727,78.6,320.6688889,,,10.56666667,,24.44285714,,501.219115,,,1.6164,,149.0,55.90263158,632.7409091,,44.3,,2307.392857,,,,*OCCCOC(=O)c1ccc(C(=O)OCCCOC(=O)c2ccc(C(*)=O)cc2)cc1,*OCCCOC(=O)c1ccc(C(=O)OCCCOC(=O)c2ccc(C(=O)OCCCOC(=O)c3ccc(C(=O)OCCCOC(=O)c4ccc(C(*)=O)cc4)cc3)cc2)cc1,safe,0.7142857142857143
BC,O[C@@H]1[C@H](O)[C@H](O[*])[C@@H](CO)O[C@H]1[*],2.105,,1.514818182,,8.043076923,393.0,299.8863636,,400.0,,0.397,,,396.25,5.64e-07,,1.536388889,337.156,0.799409091,88.3526506,578.2117647,,47.6072,185.1333333,8528.256604,,,,*OC1C(CO)OC(OC2C(CO)OC(*)C(O)C2O)C(O)C1O,*OC1C(CO)OC(OC2C(CO)OC(OC3C(CO)OC(OC4C(CO)OC(*)C(O)C4O)C(O)C3O)C(O)C2O)C(O)C1O,safe,0.7142857142857143
PBT,[*]OCCCCOC(C1=CC=C(C([*])=O)C=C1)=O,1.841666667,,253.3333333,466.7602326,58.98537037,73.935,320.1451539,450.0,136.6666667,22.6225,,22.73095238,305.15,496.7439572,,,1.503,,0.27,53.6904878,624.4442857,,56.16470588,0.334,1930.170833,,,,*OCCCCOC(=O)c1ccc(C(=O)OCCCCOC(=O)c2ccc(C(*)=O)cc2)cc1,*OCCCCOC(=O)c1ccc(C(=O)OCCCCOC(=O)c2ccc(C(=O)OCCCCOC(=O)c3ccc(C(=O)OCCCCOC(=O)c4ccc(C(*)=O)cc4)cc3)cc2)cc1,safe,0.7142857142857143
poly(vinyl alcohol),[*]CC([*])O,2.8,2700.0,0.91757,,185.975,18.15,346.7117188,,500.0,30.0,1.05,24.275,305.65,472.8421212,1.24e-06,2700.0,1.521222222,139.425,2.987444444,74.90351351,536.8642857,,92.58,171.0,2304.357672,,,,*CC(O)CC(*)O,*CC(O)CC(O)CC(O)CC(*)O,safe,0.7142857142857143
PEF,[*]OC(C1=CC=C(C(OCC[*])=O)O1)=O,,,,436.4543478,14.215,,358.1833333,,,9.0,,,,490.3333333,,,,,,75.21764706,642.55,,66.5,,2532.296296,,,,*CCOC(=O)c1ccc(C(=O)OCCOC(=O)c2ccc(C(=O)O*)o2)o1,*CCOC(=O)c1ccc(C(=O)OCCOC(=O)c2ccc(C(=O)OCCOC(=O)c3ccc(C(=O)OCCOC(=O)c4ccc(C(=O)O*)o4)o3)o2)o1,safe,0.7142857142857143
Teflon,FC(F)(C(F)([*])F)[*],3.4,5950.0,,396.4,400.0,12.5,433.7166667,2555.0,,,,,,589.15,,5950.0,1.351875,,0.305,5.0,602.55,,99.0185567,,703.3333333,,,,*C(F)(F)C(F)(F)C(F)(F)C(*)(F)F,*C(F)(F)C(F)(F)C(F)(F)C(F)(F)C(F)(F)C(F)(F)C(F)(F)C(*)(F)F,safe,0.7142857142857143
PBMA,[*]CC(C)(C(OCCCC)=O)[*],,,,,122.2,,299.8865354,,,,,,374.65,465.775,,,1.481377778,,,8.744,576.33,,79.37222222,6.7,456.5758333,,,,*CC(C)(CC(*)(C)C(=O)OCCCC)C(=O)OCCCC,*CC(C)(CC(C)(CC(C)(CC(*)(C)C(=O)OCCCC)C(=O)OCCCC)C(=O)OCCCC)C(=O)OCCCC,safe,0.7142857142857143
PDLA,CC(C([*])=O)O[*],,,0.107,399.422,69.975,106.0,330.80625,,,63.2,,,309.55,448.9740566,,,,,0.715,48.01583333,483.8642857,,82.25,,1306.628571,,,,*OC(C)C(=O)OC(C)C(*)=O,*OC(C)C(=O)OC(C)C(=O)OC(C)C(=O)OC(C)C(*)=O,safe,0.7142857142857143
PPF,O=C([*])C1=CC=C(C(OCCCO[*])=O)O1,2.5225,,52.38111111,414.5785714,28.64545455,51.0,310.9518919,,152.5,3.1,,,,457.8026316,,,,,,57.92,655.9772727,,72.06363636,3.0,1181.558824,,,,*OCCCOC(=O)c1ccc(C(=O)OCCCOC(=O)c2ccc(C(*)=O)o2)o1,*OCCCOC(=O)c1ccc(C(=O)OCCCOC(=O)c2ccc(C(=O)OCCCOC(=O)c3ccc(C(=O)OCCCOC(=O)c4ccc(C(*)=O)o4)o3)o2)o1,safe,0.7142857142857143
MMA,COC(C([*])(C[*])C)=O,2.933333333,,62.1,462.15,26.03333333,16.87,374.8291489,,,,0.99,27.5,293.05,454.2125,,,1.45728,80.075,0.19,17.725,578.1277778,303.15,73.325,8.46,526.618,,,,*CC(C)(CC(*)(C)C(=O)OC)C(=O)OC,*CC(C)(CC(C)(CC(C)(CC(*)(C)C(=O)OC)C(=O)OC)C(=O)OC)C(=O)OC,safe,0.7142857142857143
polylacticacid,[*]OC([H])(C)C([*])=O,2.27,,641.0,423.15,5.933333333,,325.1617647,,,,,26.0,,404.9147059,,,1.461,,,68.61666667,591.85,,130.0,2.1,2100.2,,,,*OC(C)C(=O)OC(C)C(*)=O,*OC(C)C(=O)OC(C)C(=O)OC(C)C(=O)OC(C)C(*)=O,safe,0.7142857142857143
polyamide 6,[*]N(CCCCCC([*])=O)[H],,,,431.65,51.77142857,,328.3285714,,2600.0,54.9,,23.84,,493.3011628,,,,,1.075375,83.68333333,568.15,,61.42857143,5.26,2422.492308,,,,*NCCCCCC(=O)NCCCCCC(*)=O,*NCCCCCC(=O)NCCCCCC(=O)NCCCCCC(=O)NCCCCCC(*)=O,safe,0.7142857142857143
PHEMA,[*]CC(C)(C(OCCO)=O)[*],,20.0,4.305,,173.8333333,,360.4582609,,400.0,,,,313.4625,438.15,,20.0,1.504324,77.2,0.33,0.974285714,565.61875,333.15,56.32712329,44.09833333,48.69761905,,,,*CC(C)(CC(*)(C)C(=O)OCCO)C(=O)OCCO,*CC(C)(CC(C)(CC(C)(CC(*)(C)C(=O)OCCO)C(=O)OCCO)C(=O)OCCO)C(=O)OCCO,safe,0.7142857142857143
PA11,[*]NCCCCCCCCCCC([*])=O,,,,443.65,215.9,,319.5172727,,,31.53166667,,,,457.7833333,,,,,,38.61111111,661.7055556,,91.68,0.283,982.9166667,,,,*NCCCCCCCCCCC(=O)NCCCCCCCCCCC(*)=O,*NCCCCCCCCCCC(=O)NCCCCCCCCCCC(=O)NCCCCCCCCCCC(=O)NCCCCCCCCCCC(*)=O,safe,0.7142857142857143
CS,N[C@@H]1[C@@H](O)[C@H](O[*])[C@@H](CO)O[C@H]1[*],3.270833333,123.75,8.1510625,,26.65813953,36.0,388.1995833,65.53,143.3333333,27.455,1.956428571,28.96,309.15,416.4140909,4.79e-07,123.75,1.339666667,214.4647619,0.163931667,18.63903571,546.1640476,,74.56348837,73.205,478.098,,,,*OC1C(CO)OC(OC2C(CO)OC(*)C(N)C2O)C(N)C1O,*OC1C(CO)OC(OC2C(CO)OC(OC3C(CO)OC(OC4C(CO)OC(*)C(N)C4O)C(N)C3O)C(N)C2O)C(N)C1O,safe,0.7142857142857143
starch,OC1C([*])C(CO)OC(O[*])C1O,,,7.226,,74.46702703,45.695,332.2517188,,838.3333333,12.29666667,,30.93333333,303.0875,442.08,,,1.492636364,61.364,,10.31629787,572.8324138,,63.8527907,34.90230769,371.8271429,,,,*OC1OC(CO)C(OC2OC(CO)C(*)C(O)C2O)C(O)C1O,*OC1OC(CO)C(OC2OC(CO)C(OC3OC(CO)C(OC4OC(CO)C(*)C(O)C4O)C(O)C3O)C(O)C2O)C(O)C1O,safe,0.7142857142857143
polyvinyl alcohol,[*]CC([*])O,3.348181818,,16.3725,,280.2242857,16.9,345.275,,,,1.1,20.5,,464.005,1.89e-07,,2.162333333,173.7466667,1.4022,29.49945946,593.0071429,,87.03333333,217.25,6079.936,,,,*CC(O)CC(*)O,*CC(O)CC(O)CC(O)CC(*)O,safe,0.7142857142857143
DGEBA,[*]C1=CC=C(C(C)(C2=CC=C(OCC(C[*])O)C=C2)C)C=C1,4.1,,,428.15,5.5775,71.696,378.6943636,,,21.57214286,,26.7125,,334.86,,,1.568875,7.21,0.51,67.49894737,572.4309524,,74.62857143,3.15,2553.111111,,,,*CC(O)COc1ccc(C(C)(C)c2ccc(CC(O)COc3ccc(C(C)(C)c4ccc(*)cc4)cc3)cc2)cc1,*CC(O)COc1ccc(C(C)(C)c2ccc(CC(O)COc3ccc(C(C)(C)c4ccc(CC(O)COc5ccc(C(C)(C)c6ccc(CC(O)COc7ccc(C(C)(C)c8ccc(*)cc8)cc7)cc6)cc5)cc4)cc3)cc2)cc1,safe,0.5714285714285714
PPO,[*]C1=CC(C)=C(O[*])C(C)=C1,,53.8575,,638.15,11.55,76.43333333,439.4435816,113.2385714,,6.7,1.856,28.32222222,295.575,476.4511111,8.32e-08,53.8575,1.56,22.65,,39.56916667,666.765,398.15,65.97545455,33.37916667,1192.275,,,,*Oc1c(C)cc(Oc2c(C)cc(*)cc2C)cc1C,*Oc1c(C)cc(Oc2c(C)cc(Oc3c(C)cc(Oc4c(C)cc(*)cc4C)cc3C)cc2C)cc1C,safe,0.5714285714285714
polybenzoxazine,CC(C)([*])C1=CC=C(OCN(C(C=C4)=CC=C4OC3=CC=C(N5COC(C=CC([*])=C6)=C6C5)C=C3)C2)C2=C1,,,7.5822,,7.2,115.81,475.4534091,,488.5,6.03,,30.5,,326.65,5.8e-08,,1.7,,10.17343636,44.858,659.9382353,,114.673913,0.735625,2265.833333,,,,*c1ccc2c(c1)CN(c1ccc(Oc3ccc(N4COc5ccc(C(C)(C)c6ccc7c(c6)CN(c6ccc(Oc8ccc(N9COc%10ccc(C(*)(C)C)cc%10C9)cc8)cc6)CO7)cc5C4)cc3)cc1)CO2,*c1ccc2c(c1)CN(c1ccc(Oc3ccc(N4COc5ccc(C(C)(C)c6ccc7c(c6)CN(c6ccc(Oc8ccc(N9COc%10ccc(C(C)(C)c%11ccc%12c(c%11)CN(c%11ccc(Oc%13ccc(N%14COc%15ccc(C(C)(C)c%16ccc%17c(c%16)CN(c%16ccc(Oc%18ccc(N%19COc%20ccc(C(*)(C)C)cc%20C%19)cc%18)cc%16)CO%17)cc%15C%14)cc%13)cc%11)CO%12)cc%10C9)cc8)cc6)CO7)cc5C4)cc3)cc1)CO2,safe,0.5714285714285714
polylactic acid,[*]OC(C([*])=O)C,,,45.8125,384.15,48.83818182,80.51571429,331.88125,,,23.196,0.926,24.05,314.15,433.7,,,1.41,,0.1575,58.42470588,620.9,,71.49473684,600.975,2577.602,,,,*OC(C)C(=O)OC(C)C(*)=O,*OC(C)C(=O)OC(C)C(=O)OC(C)C(=O)OC(C)C(*)=O,safe,0.5714285714285714
EP,[*]C1=CC=C(C(C)(C2=CC=C(OCC(C[*])O)C=C2)C)C=C1,2.946,,27.1461,429.345,4.448888889,123.8159259,412.9216832,,290.025,12.63520833,,26.83891892,,373.0833333,,,1.563833333,,0.51922619,57.09274194,643.7611111,,95.48052632,7.268888889,2117.713448,,,,*CC(O)COc1ccc(C(C)(C)c2ccc(CC(O)COc3ccc(C(C)(C)c4ccc(*)cc4)cc3)cc2)cc1,*CC(O)COc1ccc(C(C)(C)c2ccc(CC(O)COc3ccc(C(C)(C)c4ccc(CC(O)COc5ccc(C(C)(C)c6ccc(CC(O)COc7ccc(C(C)(C)c8ccc(*)cc8)cc7)cc6)cc5)cc4)cc3)cc2)cc1,safe,0.5714285714285714
PVOH,[*]CC(O)[*],,,,457.8642857,210.8725,,341.8695122,,,,,24.53333333,311.15,487.65,,,1.503333333,,0.613,33.91694444,565.84,,59.96666667,117.37,4665.4875,,,,*CC(O)CC(*)O,*CC(O)CC(O)CC(O)CC(*)O,safe,0.5714285714285714
polylactide,[*]C(C)C(O[*])=O,3.37,,37.96,392.9,68.05263158,238.0,330.9030612,,,25.555,,28.5,312.7833333,447.6579245,,,1.46,27.5,0.19,44.28142857,605.95,,77.33333333,,3017.333333,,,,*OC(=O)C(C)OC(=O)C(*)C,*OC(=O)C(C)OC(=O)C(C)OC(=O)C(C)OC(=O)C(*)C,safe,0.5714285714285714
poly(methyl methacrylate),COC(C([*])(C[*])C)=O,1.905,0.55,16.7,553.15,74.1,108.0,378.7432367,,291.25,,,17.0,466.9,418.79,,0.55,1.494068966,,0.298181818,71.9125,602.86875,318.35,83.41060606,1.373333333,3827.619048,,,,*CC(C)(CC(*)(C)C(=O)OC)C(=O)OC,*CC(C)(CC(C)(CC(C)(CC(*)(C)C(=O)OC)C(=O)OC)C(=O)OC)C(=O)OC,safe,0.5714285714285714
polythiophene,[*]C1=CC=C([*])S1,1.930137168,,,,106.5,,395.6727273,126.0,,,,,328.15,497.65,,,1.55,,6.4,95.0,528.15,,120.4666667,,85.75,,,,*c1ccc(-c2ccc(*)s2)s1,*c1ccc(-c2ccc(-c3ccc(-c4ccc(*)s4)s3)s2)s1,safe,0.5714285714285714
PSU,[*]OC1=CC=C(C(C)(C2=CC=C(OC3=CC=C(S(=O)(C4=CC=C([*])C=C4)=O)C=C3)C=C2)C)C=C1,,,,,200.0,,458.4194915,,290.0,,1.245714286,26.625,,501.4833333,,,1.487,8.0,,17.54214286,623.4785714,,83.87264706,36.58428571,1041.64,,,,*Oc1ccc(C(C)(C)c2ccc(Oc3ccc(S(=O)(=O)c4ccc(Oc5ccc(C(C)(C)c6ccc(Oc7ccc(S(=O)(=O)c8ccc(*)cc8)cc7)cc6)cc5)cc4)cc3)cc2)cc1,*Oc1ccc(C(C)(C)c2ccc(Oc3ccc(S(=O)(=O)c4ccc(Oc5ccc(C(C)(C)c6ccc(Oc7ccc(S(=O)(=O)c8ccc(Oc9ccc(C(C)(C)c%10ccc(Oc%11ccc(S(=O)(=O)c%12ccc(Oc%13ccc(C(C)(C)c%14ccc(Oc%15ccc(S(=O)(=O)c%16ccc(*)cc%16)cc%15)cc%14)cc%13)cc%12)cc%11)cc%10)cc9)cc8)cc7)cc6)cc5)cc4)cc3)cc2)cc1,safe,0.5714285714285714
epoxy,[*]C1=CC=C(C(C)(C2=CC=C(OCC(C[*])O)C=C2)C)C=C1,3.27,,84.10404762,,5.173636364,104.6156557,390.5578056,,209.1666667,14.00035294,,26.91029412,,408.7928571,,,1.521352941,25.0,0.861893056,56.4076699,619.3684615,358.15,76.54179487,1.850153846,2470.653202,,,,*CC(O)COc1ccc(C(C)(C)c2ccc(CC(O)COc3ccc(C(C)(C)c4ccc(*)cc4)cc3)cc2)cc1,*CC(O)COc1ccc(C(C)(C)c2ccc(CC(O)COc3ccc(C(C)(C)c4ccc(CC(O)COc5ccc(C(C)(C)c6ccc(CC(O)COc7ccc(C(C)(C)c8ccc(*)cc8)cc7)cc6)cc5)cc4)cc3)cc2)cc1,safe,0.5714285714285714
PA12,[*]NCCCCCCCCCCCC([*])=O,,,773.0,422.8154545,206.6090909,58.0,319.204,,,30.575,,,,452.7014925,,,,,0.472666667,47.172,634.8485714,,77.68,1.0,1130.415385,,,,*NCCCCCCCCCCCC(=O)NCCCCCCCCCCCC(*)=O,*NCCCCCCCCCCCC(=O)NCCCCCCCCCCCC(=O)NCCCCCCCCCCCC(=O)NCCCCCCCCCCCC(*)=O,safe,0.5714285714285714
polyamide,[*]NCCCCCC([*])=O,2.948333333,5040.0,59.06666667,461.825,10.58055556,72.775,443.0298658,,2500.0,11.865,3.09,35.375,314.15,471.6521277,,5040.0,1.623271429,,0.398571429,70.41428571,665.3428571,,57.51764151,12.66363636,2018.713636,,,,*NCCCCCC(=O)NCCCCCC(*)=O,*NCCCCCC(=O)NCCCCCC(=O)NCCCCCC(=O)NCCCCCC(*)=O,safe,0.5714285714285714
chitin,[H][C@@]1(C[*])C([H])(CO)O[C@](CO[*])([H])[C@@]([H])(NC(C)=O)[C@@](O)1[H],,,1.03226,506.15,17.05,,482.1916667,,332.6523333,,,,303.15,439.4,,,1.5285,,0.5125,81.58333333,622.8766667,,58.7375,71.0,5488.61875,,,,*CC1C(CO)OC(COCC2C(CO)OC(CO*)C(NC(C)=O)C2O)C(NC(C)=O)C1O,*CC1C(CO)OC(COCC2C(CO)OC(COCC3C(CO)OC(COCC4C(CO)OC(CO*)C(NC(C)=O)C4O)C(NC(C)=O)C3O)C(NC(C)=O)C2O)C(NC(C)=O)C1O,safe,0.5714285714285714
high-density polyethylene,[*]C([H])([H])C([H])([H])[*],3.03,,26.595,392.0166667,215.2,98.03166667,185.65,,53.86666667,48.66666667,,19.2,,404.9376596,,,1.5335,,1.4174,37.17,473.15,,98.75,,1199.083333,,,,*CCCC*,*CCCCCCCC*,safe,0.5714285714285714
PPy,[*]C1=CC=C([*])N1,2.438885647,,0.911624444,,38.1075,79.9,388.0586486,125.0,1265.12,,1.975,20.0,315.65,432.2476923,,,1.574777778,350.0,0.2789875,33.13209302,590.2752381,,76.7054717,48.54,423.2231579,,,,*c1ccc(-c2ccc(*)[nH]2)[nH]1,*c1ccc(-c2ccc(-c3ccc(-c4ccc(*)[nH]4)[nH]3)[nH]2)[nH]1,safe,0.5714285714285714
low-density polyethylene,[*]C([H])([H])C([H])([H])[*],,,,,76.56666667,,252.9,0.97,,100.1,,27.1,,383.2933333,,,,,3.1475,17.05384615,463.15,,100.8125,,332.5,,,,*CCCC*,*CCCCCCCC*,safe,0.5714285714285714
PEDOT,[*]C1=C2C(OCCO2)=C([*])S1,1.659386503,,0.380533333,448.15,21.0,,394.65,,,,,,303.15,367.33,1.44e-06,,1.513571429,185.5,0.344133333,93.78153846,613.7958333,,47.43836066,16.6,1509.425926,,,,*c1sc(-c2sc(*)c3c2OCCO3)c2c1OCCO2,*c1sc(-c2sc(-c3sc(-c4sc(*)c5c4OCCO5)c4c3OCCO4)c3c2OCCO3)c2c1OCCO2,safe,0.5714285714285714
polypyrrole,[*]C1=CC=C([*])N1,2.394166667,,0.397,,188.8666667,,378.5666667,,,,,18.0,301.15,473.15,,,1.378,6.0,0.273,33.29545455,547.5785714,,88.75517241,103.6,522.3333333,,,,*c1ccc(-c2ccc(*)[nH]2)[nH]1,*c1ccc(-c2ccc(-c3ccc(-c4ccc(*)[nH]4)[nH]3)[nH]2)[nH]1,safe,0.5714285714285714
poly(ethylene oxide),[*]CCO[*],2.53,113.5111111,,,144.5,,218.3414894,901.0,,12.7,1.4,,369.5875,336.3033333,,113.5111111,1.577225,,,18.705,513.15,288.15,56.725,59.66666667,30.5,,,,*CCOCCO*,*CCOCCOCCOCCO*,unsafe,0.42857142857142855
PIB,[*]CC(C)([*])C,2.0,,,,150.625,77.5,211.8833333,,,,,53.5,455.55,356.4,,,1.504875,,0.13,20.586,639.9,297.4833333,78.79333333,0.88,1092.5,,,,*CC(C)(C)CC(*)(C)C,*CC(C)(C)CC(C)(C)CC(C)(C)CC(*)(C)C,unsafe,0.42857142857142855
PSt,[*]C(C1=CC=CC=C1)C[*],2.67,,0.9,,352.5,,367.2050685,,,,1.45,,,441.4,,,1.542,,0.105,8.7,620.7214286,,87.65833333,,1120.5,,,,*CC(CC(*)c1ccccc1)c1ccccc1,*CC(CC(CC(CC(*)c1ccccc1)c1ccccc1)c1ccccc1)c1ccccc1,unsafe,0.42857142857142855
pNIPAM,[*]CC(C(NC(C)C)=O)[*],1.8075,,0.264,393.15,134.3111111,,396.7294118,,,,,,305.1784152,327.1181818,,,1.4409,595.0,0.403333333,0.3289,617.3063636,305.6583333,66.14063636,149.2833333,0.189357927,,,,*CC(CC(*)C(=O)NC(C)C)C(=O)NC(C)C,*CC(CC(CC(CC(*)C(=O)NC(C)C)C(=O)NC(C)C)C(=O)NC(C)C)C(=O)NC(C)C,unsafe,0.42857142857142855
PNIPAM,[*]CC(C(NC(C)C)=O)[*],1.8075,,0.264,393.15,134.3111111,,396.7294118,,,,,,305.1784152,327.1181818,,,1.4409,595.0,0.403333333,0.3289,617.3063636,305.6583333,66.14063636,149.2833333,0.189357927,,,,*CC(CC(*)C(=O)NC(C)C)C(=O)NC(C)C,*CC(CC(CC(CC(*)C(=O)NC(C)C)C(=O)NC(C)C)C(=O)NC(C)C)C(=O)NC(C)C,unsafe,0.42857142857142855
PA,[*]NCCCCCC([*])=O,2.051055556,126.0,27.06111111,458.275,74.31913043,114.64,357.4459259,1.3,1041.333333,12.575,1.61,28.66153846,318.9833333,442.8825676,,126.0,1.567090909,33.38571429,1.0423,16.54582418,613.8209091,,60.02639241,10.065,172.6691837,,,,*NCCCCCC(=O)NCCCCCC(*)=O,*NCCCCCC(=O)NCCCCCC(=O)NCCCCCC(=O)NCCCCCC(*)=O,unsafe,0.42857142857142855
isotactic polypropylene,[*]CC(C)[*],,,,407.9944444,287.0,,268.6857143,,125.0,29.8725,,35.0,,437.5423077,,,1.501,,,41.625,610.4833333,,88.22222222,,2013.909091,,,,*CC(C)CC(*)C,*CC(C)CC(C)CC(C)CC(*)C,unsafe,0.42857142857142855
PANI,[*]NC1=CC=C([*])C=C1,2.635485437,190.0,0.6624,513.15,81.85470588,1068.0,381.6609259,124.2,2425.0,,1.44075,30.76666667,,453.5138462,1.71e-06,190.0,1.606525,106.0,0.369815,14.12904762,647.5332634,,73.19456298,33.33555556,353.4069762,,,,*Nc1ccc(Nc2ccc(*)cc2)cc1,*Nc1ccc(Nc2ccc(Nc3ccc(Nc4ccc(*)cc4)cc3)cc2)cc1,unsafe,0.42857142857142855
PHA,[*]C(CC(O[*])C)=O,,,0.0725,392.4833333,274.04,,271.5369565,,190.0,96.0,,,310.65,424.2945763,,,,822.6833333,5.0,15.50842105,564.5252174,,86.44272727,63.18,332.8933333,,,,*OC(C)CC(=O)OC(C)CC(*)=O,*OC(C)CC(=O)OC(C)CC(=O)OC(C)CC(=O)OC(C)CC(*)=O,unsafe,0.42857142857142855
cotton,O[C@@H]1[C@H](O)[C@H](O[*])[C@@H](CO)O[C@H]1[*],,,20.2,,22.75818182,11.158,347.325,,,18.05,,22.84533333,,458.97,,,,510.0,0.183642857,40.80714286,613.5121053,,137.1505983,176.64375,4211.036667,,,,*OC1C(CO)OC(OC2C(CO)OC(*)C(O)C2O)C(O)C1O,*OC1C(CO)OC(OC2C(CO)OC(OC3C(CO)OC(OC4C(CO)OC(*)C(O)C4O)C(O)C3O)C(O)C2O)C(O)C1O,unsafe,0.42857142857142855
PNIPAm,[*]CC(C(NC(C)C)=O)[*],1.8075,,0.264,393.15,134.3111111,,396.7294118,,,,,,305.1784152,327.1181818,,,1.4409,595.0,0.403333333,0.3289,617.3063636,305.6583333,66.14063636,149.2833333,0.189357927,,,,*CC(CC(*)C(=O)NC(C)C)C(=O)NC(C)C,*CC(CC(CC(CC(*)C(=O)NC(C)C)C(=O)NC(C)C)C(=O)NC(C)C)C(=O)NC(C)C,unsafe,0.42857142857142855
PMA,[*]CC(C)(C(O)=O)[*],2.56,,,,199.6666667,,285.9839286,,,,,,312.6,418.65,4.41e-06,,1.486,,4.64,3.92,611.8666667,291.15,71.70588235,22.5,31.712,,,,*CC(C)(CC(*)(C)C(=O)O)C(=O)O,*CC(C)(CC(C)(CC(C)(CC(*)(C)C(=O)O)C(=O)O)C(=O)O)C(=O)O,unsafe,0.42857142857142855
polyaniline,[*]NC1=CC=C([*])C=C1,2.58490566,275.5,1.2,,544.97,457.0,403.0617647,4.12,13666.66667,,2.073333333,25.0,,512.4,7.6e-07,275.5,1.449333333,,0.157122222,6.226666667,625.1282609,,96.390625,9.8,400.3309091,,,,*Nc1ccc(Nc2ccc(*)cc2)cc1,*Nc1ccc(Nc2ccc(Nc3ccc(Nc4ccc(*)cc4)cc3)cc2)cc1,unsafe,0.42857142857142855
PB,[*]C/C=C/C[*],1.9025,49.75,0.175,434.025,117.6875,24.85,228.8861947,,121.0685,9.98,0.805,24.25,,391.3238095,,49.75,1.510356667,399.3333333,0.825,24.893,621.1404762,,85.4234375,30.0,608.6733333,,,,*CC=CCCC=CC*,*CC=CCCC=CCCC=CCCC=CC*,unsafe,0.42857142857142855
polyvinylidene fluoride,[*]C([H])([H])C(F)([*])F,1.525,2861.0,,,674.3333333,50.85,290.15,1000.0,100.0,,,,,445.1571429,,2861.0,1.42,,2.0375,58.67222222,581.4833333,,128.2911765,0.765,3047.666667,,,,*CC(F)(F)CC(*)(F)F,*CC(F)(F)CC(F)(F)CC(F)(F)CC(*)(F)F,unsafe,0.2857142857142857
PTMC,[*]OCCCOC([*])=O,,,48.41333333,,542.126,,256.1657627,,,,,,308.8166667,310.476087,,,,,,9.62,544.3227273,,75.35,12.765,5.83875,,,,*OCCCOC(=O)OCCCOC(*)=O,*OCCCOC(=O)OCCCOC(=O)OCCCOC(=O)OCCCOC(*)=O,unsafe,0.2857142857142857
polyisoprene,[*]C/C(C)=C/C[*],,,,,968.0,,215.9344754,,,,,17.0,,343.1277778,,,1.51,,,9.588888889,576.15,,74.5,488.0,27.4625,,,,*CC=C(C)CCC=C(C)C*,*CC=C(C)CCC=C(C)CCC=C(C)CCC=C(C)C*,unsafe,0.2857142857142857
PDMA,[*]CC(C(N(C)C)=O)[*],2.432489466,,5.5,,897.0,,332.9485714,,,,,,362.0646342,325.825,,,1.53075,144.0,,0.047282,575.25,,55.16363636,21.0,0.095925,,,,*CC(CC(*)C(=O)N(C)C)C(=O)N(C)C,*CC(CC(CC(CC(*)C(=O)N(C)C)C(=O)N(C)C)C(=O)N(C)C)C(=O)N(C)C,unsafe,0.2857142857142857
POE,[*]CCO[*],,,,,549.0636364,65.5,249.2557692,1470.0,,16.88428571,,33.5,,336.8234091,,,,,0.097,16.21105263,580.25,,101.7833333,,242.2857143,,,,*CCOCCO*,*CCOCCOCCOCCO*,unsafe,0.2857142857142857
rubber,C/C(C[*])=C(C[*])\[H],,,3.434,,271.75,24.63333333,225.8605263,,157.6,21.45,,18.6,,422.275,,,,503.8,0.4788375,11.05291667,700.8166667,,102.3769231,8.433333333,45.08823529,,,,*CC=C(C)CCC=C(C)C*,*CC=C(C)CCC=C(C)CCC=C(C)CCC=C(C)C*,unsafe,0.2857142857142857
PTMO,[*]CCCCO[*],,,,,562.7125,,202.8095745,9.0,,,,,,309.15,,,,,,21.10714286,583.15,,52.0,,173.87,,,,*CCCCOCCCCO*,*CCCCOCCCCOCCCCOCCCCO*,unsafe,0.2857142857142857
PNIPAAm,[*]CC(C(NC(C)C)=O)[*],,,0.459125,,364.7333333,,406.8547619,,,,,,305.1732828,383.605,,,1.439290476,375.56,,8.814285714,658.8166667,305.15,69.13065574,80.95,3.950226667,,,,*CC(CC(*)C(=O)NC(C)C)C(=O)NC(C)C,*CC(CC(CC(CC(*)C(=O)NC(C)C)C(=O)NC(C)C)C(=O)NC(C)C)C(=O)NC(C)C,unsafe,0.2857142857142857
PNIPAAM,[*]CC(C(NC(C)C)=O)[*],,,0.459125,,364.7333333,,406.8547619,,,,,,305.1732828,383.605,,,1.439290476,375.56,,8.814285714,658.8166667,305.15,69.13065574,80.95,3.950226667,,,,*CC(CC(*)C(=O)NC(C)C)C(=O)NC(C)C,*CC(CC(CC(CC(*)C(=O)NC(C)C)C(=O)NC(C)C)C(=O)NC(C)C)C(=O)NC(C)C,unsafe,0.2857142857142857
PVAc,[*]CC([*])OC(C)=O,4.4673,4.0,3.9,418.15,228.0,122.0,308.170804,,200.0,,,,310.825,400.6785714,,4.0,1.454041667,,0.25,7.154444444,614.1236842,,69.28896552,234.8333333,400.2130769,,,,*CC(CC(*)OC(C)=O)OC(C)=O,*CC(CC(CC(CC(*)OC(C)=O)OC(C)=O)OC(C)=O)OC(C)=O,unsafe,0.2857142857142857
poly(vinyl chloride),[*]C([H])([H])C(Cl)([H])[*],3.063333333,124.0,,,606.7666667,,348.7562963,4.4,,6.033333333,3.4,31.7,,355.4833333,,124.0,1.458,,0.014,26.02875,536.7183333,,91.17909091,,1553.875,,,,*CC(Cl)CC(*)Cl,*CC(Cl)CC(Cl)CC(Cl)CC(*)Cl,unsafe,0.2857142857142857
PAM,[*]CC(C(N)=O)[*],,22.9,1.203438889,,780.7861538,,440.2843137,29.3,6.665,,,,307.525,441.99875,,22.9,1.49,718.6666667,,0.429101458,630.594,271.15,64.31842105,1131.84,0.108930769,,,,*CC(CC(*)C(N)=O)C(N)=O,*CC(CC(CC(CC(*)C(N)=O)C(N)=O)C(N)=O)C(N)=O,unsafe,0.2857142857142857
PAAm,[*]CC(C(N)=O)[*],3.99675,,0.509007895,436.15,755.80625,86.8,431.7808824,,48.72235,,4.9,,305.7833333,472.29875,,,1.42875,,,0.373231915,610.6115385,297.47,55.72729167,39.09,0.194604538,,,,*CC(CC(*)C(N)=O)C(N)=O,*CC(CC(CC(CC(*)C(N)=O)C(N)=O)C(N)=O)C(N)=O,unsafe,0.2857142857142857
polyethylene glycol,[*]OCC[*],,62.44666667,0.5163,,2.27,96.0,300.95625,1000.0,,9.8,1.01,,331.65,326.7844828,,62.44666667,1.450636364,6.0,0.8381875,7.507272727,624.15,,66.725,4.8,13.93761275,,,,*CCOCCO*,*CCOCCOCCOCCO*,unsafe,0.2857142857142857
polyesters,[*]C1=CC=C(C(OCCOC([*])=O)=O)C=C1,3.0175,,,416.65,351.2956522,119.5,346.3458937,,71.5,4.1475,,32.85,294.1,375.3931818,,,1.6958125,60.0,1.0,23.58615385,608.1928571,,78.836,1.0,465.8853571,,,,*C(=O)OCCOC(=O)c1ccc(C(=O)OCCOC(=O)c2ccc(*)cc2)cc1,*C(=O)OCCOC(=O)c1ccc(C(=O)OCCOC(=O)c2ccc(C(=O)OCCOC(=O)c3ccc(C(=O)OCCOC(=O)c4ccc(*)cc4)cc3)cc2)cc1,unsafe,0.2857142857142857
polyacrylamide,[*]CC(C(N)=O)[*],,,16.01688235,618.15,1232.222222,,410.5818182,23.325,950.0,,1.32,,315.7333333,611.4,,,1.418071429,228.5666667,0.42,0.595851429,584.85,273.15,39.7625,,0.331276048,,,,*CC(CC(*)C(N)=O)C(N)=O,*CC(CC(CC(CC(*)C(N)=O)C(N)=O)C(N)=O)C(N)=O,unsafe,0.2857142857142857
iPP,[*]CC(C)[*],6.3,,,399.5008182,389.868,33.29,270.672449,,100.0,18.22214286,,20.0,422.15,436.7689011,,,1.49,,0.17,36.44651163,613.5744444,448.15,85.63333333,,1341.043478,,,,*CC(C)CC(*)C,*CC(C)CC(C)CC(C)CC(*)C,unsafe,0.2857142857142857
poly(acrylic acid),[*]CC(C(O)=O)[*],,,29.91333333,500.35,896.4,,377.0370968,,,,4.25,,307.5333333,510.3833333,3.9e-08,,1.509454545,,0.45,1.846923077,585.15,313.15,54.3325,65.0,102.2109091,,,,*CC(CC(*)C(=O)O)C(=O)O,*CC(CC(CC(CC(*)C(=O)O)C(=O)O)C(=O)O)C(=O)O,unsafe,0.2857142857142857
poly(ε-caprolactone),[*]OCCCCCC([*])=O,3.0,,0.9,,800.0,,215.3456522,,,,,,310.65,333.1593023,,,1.5,275.0,100.2566667,20.32153846,648.15,,76.84444444,,109.5215385,,,,*OCCCCCC(=O)OCCCCCC(*)=O,*OCCCCCC(=O)OCCCCCC(=O)OCCCCCC(=O)OCCCCCC(*)=O,unsafe,0.2857142857142857
LLDPE,[*]CC[*],,,,382.2482609,238.3380952,38.65444444,186.2388889,,,19.83333333,,21.8125,,396.028,,,1.54015,,0.899090909,20.0265625,708.125,419.15,92.936,1.92,179.6153846,,,,*CCCC*,*CCCCCCCC*,unsafe,0.2857142857142857
polyester,[*]C1=CC=C(C(OCCOC([*])=O)=O)C=C1,3.75,,81.32153846,444.775,185.9136364,52.05013158,327.2634483,,352.2857143,15.52785714,,24.05,311.8166667,372.7752747,,,1.567738095,13.72,0.41125,48.06733214,586.3158491,,113.1177124,15.23333333,2769.215465,,,,*C(=O)OCCOC(=O)c1ccc(C(=O)OCCOC(=O)c2ccc(*)cc2)cc1,*C(=O)OCCOC(=O)c1ccc(C(=O)OCCOC(=O)c2ccc(C(=O)OCCOC(=O)c3ccc(C(=O)OCCOC(=O)c4ccc(*)cc4)cc3)cc2)cc1,unsafe,0.14285714285714285
NR,[*]CC([*])(C=C)C,3.105,,0.1065,397.15,493.8422857,,215.8143478,,,30.34,1.025,20.4625,300.15,316.6916667,,,1.544566667,177.5,0.166818182,10.87801724,647.0166667,,98.69411765,76.27,16.13642857,,,,*CC(C)(C=C)CC(*)(C)C=C,*CC(C)(C=C)CC(C)(C=C)CC(C)(C=C)CC(*)(C)C=C,unsafe,0.14285714285714285
polybutadiene,[*]C/C=C/C[*],,123.6666667,7.356,384.15,223.5428571,2555.0,206.0938462,0.2,,7.75,,,,402.3772727,,123.6666667,1.433333333,45.9,0.1,12.78,580.15,,116.6272727,,36.04285714,,,,*CC=CCCC=CC*,*CC=CCCC=CCCC=CCCC=CC*,unsafe,0.14285714285714285
PTMG,[*]CCCCO[*],,,,409.4,545.1285714,,207.765,,,,,,,306.9653846,,,,,,22.78,629.75,,73.0,,291.75,,,,*CCCCOCCCCO*,*CCCCOCCCCOCCCCOCCCCO*,unsafe,0.14285714285714285
NIPAM,[*]CC(C(NC(C)C)=O)[*],,,0.5614,,330.0,,383.58,,,,,,305.8458333,335.9,,,1.3575,754.7333333,,0.72545,623.8166667,319.65,52.6875,,0.0341,,,,*CC(CC(*)C(=O)NC(C)C)C(=O)NC(C)C,*CC(CC(CC(CC(*)C(=O)NC(C)C)C(=O)NC(C)C)C(=O)NC(C)C)C(=O)NC(C)C,unsafe,0.14285714285714285
poly(ethylene glycol),[*]OCC[*],3.3975,340.28,2.0454,,387.0833333,141.0,260.3961539,1419.0,,,1.25,32.35,331.7666667,325.312069,,340.28,1.45748,728.0,9.0,22.56,522.15,,74.9,149.3444444,18.29632464,,,,*CCOCCO*,*CCOCCOCCOCCO*,unsafe,0.14285714285714285
PPG,[*]OCC(C)O[*],,140.0,,388.65,265.4,,218.3781579,,,,,,304.5428571,364.7166667,,140.0,1.447,21.33333333,,8.32,588.15,308.15,68.48380952,3.05,312.85,,,,*OCC(C)OOCC(C)O*,*OCC(C)OOCC(C)OOCC(C)OOCC(C)O*,unsafe,0.0
PBA,[*]CC(C(OCCCC)=O)[*],,,2.0,406.05,205.8818182,,227.6396104,,,3.9,,,301.9,326.6822581,,,1.47,684.3333333,6.834666667,30.565,600.91,310.9,94.312,7.62,100.125,,,,*CC(CC(*)C(=O)OCCCC)C(=O)OCCCC,*CC(CC(CC(CC(*)C(=O)OCCCC)C(=O)OCCCC)C(=O)OCCCC)C(=O)OCCCC,unsafe,0.0
polydimethylsiloxane,[*][Si](C)(O[*])C,2.343333333,1810.0,1.4,,572.3333333,,151.5764706,9783.333333,525.0,,,,305.15,334.45,,1810.0,1.411315789,152.5,1.500857143,10.419375,676.7214286,,137.6182569,2.565,1.631897255,,,,*O[Si](C)(C)O[Si](*)(C)C,*O[Si](C)(C)O[Si](C)(C)O[Si](C)(C)O[Si](*)(C)C,unsafe,0.0
PDMS,[*][Si](C)(O[*])C,3.414285714,2513.666667,0.732777242,477.05,221.8134375,1.90275,152.1758295,961.6666667,3.71,8.0,2.83,25.4,314.3,337.2126,,2513.666667,1.420120603,66.91111111,0.378165934,3.327323944,658.3881159,304.95,104.1713671,6.39,1.771153117,,,,*O[Si](C)(C)O[Si](*)(C)C,*O[Si](C)(C)O[Si](C)(C)O[Si](C)(C)O[Si](*)(C)C,unsafe,0.0
polycaprolactone,[*]OCCCCCC([*])=O,2.69,30.0,19.8355,473.15,248.5,51.66666667,213.3852941,,,,,,307.25,332.9552174,,30.0,1.455,27.5,0.3315,18.14117647,604.025,,96.904,1.75,267.3988,,,,*OCCCCCC(=O)OCCCCCC(*)=O,*OCCCCCC(=O)OCCCCCC(=O)OCCCCCC(=O)OCCCCCC(*)=O,unsafe,0.0
Polycaprolactone,[*]OCCCCCC([*])=O,2.69,30.0,19.8355,473.15,248.5,51.66666667,213.3852941,,,,,,307.25,332.9552174,,30.0,1.455,27.5,0.3315,18.14117647,604.025,,96.904,1.75,267.3988,,,,*OCCCCCC(=O)OCCCCCC(*)=O,*OCCCCCC(=O)OCCCCCC(=O)OCCCCCC(=O)OCCCCCC(*)=O,unsafe,0.0
